{
  "name": "electrum",
  "disable": true,
  "tier": 3,
  "color": "a79135",
  "armorPoints": 2,
  "enchantability": 18,
  "craftingMaterial": "tag:forge:ingots/electrum",
  "rarity": 0,
  "capacity": 10000000,
  "usage": 310,
  "speedVertical": 0.79,
  "accelVertical": 0.14,
  "speedSideways": 0.17,
  "speedHoverDescend": 0.37,
  "speedHover": 0.03,
  "sprintSpeedMulti": 1.6,
  "sprintSpeedMultiVertical": 1.0,
  "sprintFuelMulti": 3.5,
  "creative": false,
  "toughness": 0.0,
  "knockbackResistance": 0.0
}
