{
  "bookGuiScale": 0,
  "clickedVisualize": false,
  "bookData": {
    "apotheosis:apoth_chronicle": {
      "viewedEntries": [],
      "bookmarks": [],
      "history": [],
      "completedManualQuests": []
    },
    "ars_nouveau:worn_notebook": {
      "viewedEntries": [
        "ars_nouveau:getting_started/world_mana",
        "ars_nouveau:getting_started/spell_casting",
        "ars_nouveau:getting_started/beginning_spells",
        "ars_nouveau:getting_started/pedestal_crafting",
        "ars_nouveau:getting_started/mana",
        "ars_nouveau:getting_started/learning_spells",
        "ars_nouveau:getting_started/resources",
        "ars_nouveau:resources/archwood",
        "ars_nouveau:resources/mana_berry",
        "ars_nouveau:machines/crystallizer",
        "ars_nouveau:source/mana_jar",
        "ars_nouveau:resources/arcane_ore",
        "arsomega:items/gorgon_gem",
        "ars_nouveau:resources/archwood_forest",
        "tomeofblood:items/blood_gem",
        "ars_nouveau:getting_started/expanded_casting",
        "ars_nouveau:items/armor",
        "ars_nouveau:apparatus/mana_bloom_crop"
      ],
      "bookmarks": [],
      "history": [
        "ars_nouveau:getting_started/expanded_casting",
        "ars_nouveau:items/armor",
        "ars_nouveau:apparatus/mana_bloom_crop",
        "tomeofblood:items/blood_gem",
        "ars_nouveau:resources/archwood_forest",
        "arsomega:items/gorgon_gem",
        "ars_nouveau:getting_started/world_mana",
        "ars_nouveau:source/mana_jar",
        "ars_nouveau:resources/arcane_ore",
        "ars_nouveau:machines/crystallizer",
        "ars_nouveau:getting_started/pedestal_crafting",
        "ars_nouveau:getting_started/resources",
        "ars_nouveau:resources/mana_berry"
      ],
      "completedManualQuests": []
    },
    "turtlemancy:turtlenomicon": {
      "viewedEntries": [
        "turtlemancy:getting_started/how_to_become_a_turtlemancer",
        "turtlemancy:getting_started/getting_turtle_bless",
        "turtlemancy:getting_started/kelp_is_the_new_coal",
        "turtlemancy:getting_started/magmatic_turtle",
        "turtlemancy:getting_started/obtaining_scute",
        "turtlemancy:getting_started/obtaining_oysters",
        "turtlemancy:getting_started/cool_items"
      ],
      "bookmarks": [],
      "history": [
        "turtlemancy:getting_started/cool_items",
        "turtlemancy:getting_started/obtaining_oysters",
        "turtlemancy:getting_started/obtaining_scute",
        "turtlemancy:getting_started/magmatic_turtle",
        "turtlemancy:getting_started/kelp_is_the_new_coal",
        "turtlemancy:getting_started/getting_turtle_bless",
        "turtlemancy:getting_started/how_to_become_a_turtlemancer"
      ],
      "completedManualQuests": []
    }
  }
}